City,StopName,StopAddress,Note
GF Motels,Holiday Inn Express & Suites,"4051 32nd Ave S, Grand Forks, ND 58201",
GF Motels,Best Western Harvest Inn & Suites,"3350 32nd Ave S, Grand Forks, ND 58201",
GF Motels,C'mon Inn Hotel & Suites,"3051 32nd Ave S, Grand Forks, ND 58201",
GF Motels,Meg-A-Latte,"2990 32nd Ave S Suite 300, Grand Forks, ND 58201",
GF Motels,Rodeway Inn Columbia Mall Loop,"3300 30th Ave S, Grand Forks, ND 58201",
GF Motels,Quality Inn,"3251 30th Ave S, Grand Forks, ND 58201",
GF Motels,Days Inn,"3101 S 34th St, Grand Forks, ND 58201",
GF Motels,AmeriVu Inn,"3051 S 34th St, Grand Forks, ND 58201",
GF Motels,Country Inn & Suites By Radisson,"3101 S 42nd St, Grand Forks, ND 58201",
GF Motels,Hampton Inn & Suites Grand Forks,"2985 S 42nd St, Grand Forks, ND 58201",
GF Motels,SpringHill Suites by Marriott Grand Forks,"2837 S 42nd St, Grand Forks, ND 58201",
GF Motels,Sleep Inn & Suites,"1350 S 42nd St, Grand Forks, ND 58201",
GF Motels,Canad Inn Destination Centre,"1000 S 42nd St, Grand Forks, ND 58201",
GF Motels,Grand Forks Lodge,"4040 11th Ave S, Grand Forks, ND 58201",
GF Motels,La Quinta Inn & Suites,"4051 Garden View Dr, Grand Forks, ND 58201",
GF Motels,Baymont by Wyndham Grand Forks,"951 S 42nd St, Grand Forks, ND 58201",
GF Motels,Hilton Garden Inn Grand Forks,"4301 James Ray Dr, Grand Forks, ND 58203",
GF Motels,Speedway 805 Grill & Bar,"805 N 42nd St, Grand Forks, ND 58203",
GF Motels,Stay Inn,"1000 N 42nd St, Grand Forks, ND 58203",
GF Motels,Ramada by Wyndham Grand Forks,"1205 N 43rd St, Grand Forks, ND 58203",
GF Motels,Grand Forks International Airport,"2301 Airport Dr, Grand Forks 58203",
GF Motels,Roadhouse Cafe,"4720 Gateway Dr, Grand Forks, ND 58203",
GF Motels,Long Haul Saloon,"4720 Gateway Dr, Grand Forks, ND 58203",
GF Motels,Knights Inn Grand Forks,"1211 N 47th St, Grand Forks, ND 58203",
Rugby,Heart of America Medical Center,"2975 US-2, Rugby, ND 58368",Back of the building there is garage door.
Rugby,Dakota Farms Restaurant Rugby,"308 US-2, Rugby, ND 58368",
Rugby,Envision Convenience Store (Cenex),"401 2nd St SW, Rugby, ND 58368",
Rugby,Rugby High School (Public School),"1123 South Main Avenue, Rugby, Pierce County, 58368",
Rugby,MJ McGuire Company,"520 3rd Ave SW, Rugby, ND 58368",
Rugby,Growing Place,"1320 ND-3, Rugby, ND 58368",
Rugby,Rugby Farmers Elevator,"105 E Dewey St, Rugby, ND 58368",
Rugby,Rugby Dental Office,"P.C., 901 6th Ave SE, Rugby, ND 58368",
Rugby,B&M Laundry,"209 West Dewey Street, Rugby, Pierce County, 58368",
Rugby,Heart of America Correctional and Treatment Center,"110 Industrial Rd, Rugby, ND 58368",
Rugby,Four Seasons Inn,"1007 11th Street East, Bottineau, 58318",
Rugby,AgCountry Farm Credit Services,"2974 US-2, Rugby, ND 58368",
Rugby,Farmer's Union Oil [Gas Station],"226 11th St E, Bottineau, ND 58318",
Rugby,Bottineau Winter Park,"1 Winter Park Rd, Bottineau, ND 58318",Door code: 2223
Rugby,Metigoshe Coffee House,"80 Twin Oaks Shr, Bottineau, ND 58318",
Rugby,A Frame Bar and Grill,"71 Twin Oaks Shr, Bottineau, ND 58318",
Rugby,Dunseith Elementary School,"101 2nd Ave SW, Dunseith, ND 58329",
Rugby,"Legacy Cooperative - Cenex,"," 2988 US-281, Dunseith, ND 58329",
Rugby,Wagon Wheel Lounge,"504 1st Ave, Rolette, ND 58366",
Rugby,Rolette Community Care Center,"804 State St, Rolette, ND 58366",
Rugby,Meat Shack,"8693 County Rd 15, Rolette, ND 58366",
Rugby,Sky Dancer Casino & Resort," 3965 Sky Dancer Way NE, Belcourt, ND 58316",
Rugby,Dynaband LLC,"1114 Chief Little Shell Street, Belcourt, Turtle Mountain, 58316",
Rugby,McCloud Office Complex (Kalix Thrift Store),"916 Chief Little Shell St, Belcourt, ND 58316",
Rugby,Homestead Meats and Eats,"302 11th St E, Bottineau, ND 58318",
Rugby,Dunseith Community Nursing Home,"15 1st St W, Dunseith, ND 58329",
Rugby,Marie's,"605 Main St, Bottineau, ND 58318",
Rugby,North Central Electric Co-Op,"538 11th St W #1, Bottineau, ND 58318",
Rugby,Legacy Cooperative,"17 Front St NE, Rolla, ND 58367",
Rugby,ARCO (Highway 281 Gas & Go LLC),"19 Main Ave W, Rolla, ND 58367",
Rugby,SMP Health - St. Kateri,"213 2nd Ave NE, Rolla, ND 58367",
Rugby,Dunseith High School,"310 3rd Ave S SW, Dunseith, ND 58329",
Rugby,Heart of America Medical Ctr,"2975 US-2, Rugby, ND 58368",
Rugby,A & C Tires Truck Repair,"101 Industrial Rd, Rugby, ND 58368",
Rugby,Rugby Veterinary Services,"107 Industrial Rd, Rugby, ND 58368",
Rugby,Envision Convenience Store (Cenex),"401 2nd St SW, Rugby, ND 58368",
Rugby,Salesperson House,603 S Main Ave,
Rugby,Little Flower School,"306 3rd Ave SE, Rugby, ND 58368",
Rugby,Leevers Foods,"215 2nd Ave SE, Rugby, ND 58368",
Rugby,3rd St Station,"104 3rd St SE, Rugby, ND 58368",Door Code: 1194*
Rugby,Lyric Theatre," 220 S Main Ave, Rugby, ND 58368",Door Key is in Nodak Insurance
Rugby,Merchant Bank,"210 S Main Ave, Rugby, ND 58368",
Rugby,Backroads Bar,"121 S Main Ave, Rugby, ND 58368",Call the number to access the backdoor
Rugby,Senior Meals & Services Office,"125 S Main Ave, Rugby, ND 58368",
Rugby,Rugby Service Center & Harper Oil,"120 S Main Ave, Rugby, ND 58368",this is a Gas Station
Rugby,Rugby Municipal Airport - KRUG,"North Pierce, ND 58368",
Rugby,Solid Ground Coffee,"123 2nd St SE, Rugby, ND 58368",
Rugby,Denny's Pizza Inn,"307 11th St E E, Bottineau, ND 58318",
Rugby,Mattern Family Meats,"1401 Sinclair St, Bottineau, ND 58318",
Rugby,Turtle Mountain Inn & Bottle Shop,"345 11th St W, Bottineau, ND 58318",
Rugby,Bottineau Senior Citizens,"799 Main St, Bottineau, ND 58318",
Rugby,EDC Building,"519 Main St Suite 7, Bottineau, ND 58318",
Rugby,Botno Theater LLC,"511 Main St, Bottineau, ND 58318",
Rugby,Onarheim's Dario,"305 Main St, Bottineau, ND 58318",
Rugby,Stadium II Sports Bar,"502 Thompson St, Bottineau, ND 58318",You can leave it in Hair Saloon
Rugby,Community Arena,"403 7th St E, Bottineau, ND 58318",
Rugby,Brewed Awakening coffee shop,"217 Main St, Dunseith, ND 58329",
Rugby,Garden Tap,"10 Main St, Dunseith, ND 58329",
Rugby,Legacy Cooperative,"Cenex, 2988 US-281, Dunseith, ND 58329",
Rugby,Rolette City Bar & Grill,"106 Main St, Rolette, ND 58366",Call before leaving the Rugby
Rugby,Little Shell Home for Youth,"151 John Norquay St, Belcourt, Turtle Mountain, 58316",
Rugby,West Side C Store,"221 Main Ave W, Rolla, ND 58367",
Rugby,Neameyer's Body Shop,"15 1st St SW, Rolla, ND 58367",
Rugby,Leevers Foods,"202 Main Ave E, Rolla, ND 58367",
Rugby,SMP Health - St. Kateri,"213 2nd Ave NE, Rolla, ND 58367",
Rugby,Rolla Community Day Care,"111 6th Ave NE, Rolla, ND 58367",
Rugby,Blue Goose Smokehouse,"508 Main Ave E, Rolla, ND 58367",
Rugby,Heartview Foundation - Cando,"7448 68th Ave NE, Cando, ND 58324",
Rugby,Towner Cnty Medical Ctr,"228 1st Ave, Cando, ND 58324",
Rugby,Cando Cenex - Legacy Cooperative,"101 9th St, Cando, ND 58324",
Rugby,K & E Meats,"425 8th Ave, Cando, ND 58324",
Rugby,Reid? Place,"211 Main St, Dunseith, ND 58329",
Rugby,Dacotah Paper Co.,"3940 15th Ave N, Fargo, ND 58102",
Rugby,Bully Brew Coffee,"10 Main St, Dunseith, ND 58329",
Rugby,AG Country Farm Credit Services,"1308 ND-5, Bottineau, ND 58318",
Rugby,First National Bank & Trust Co,"424 Main St, Bottineau, ND 58318",
Rugby,Grace Lutherian Brethren Church,"615 10th St E, Bottineau, ND 58318",
Rugby,Starion Bank,"101 1st St SE, Rolla, ND 58367",
Rugby,Rugby Auto Connection,"1603 S Main Ave, Rugby, ND 58368",
Grand Forks,Country Inn & Suites By Radisson,"3101 S 42nd St, Grand Forks, ND 58201",Check-in at front desk
Grand Forks,Hugo's Family Marketplace,"1315 S Columbia Rd, Grand Forks, ND 58201",Use side entrance for deliveries
Grand Forks,Jeanifer Bennett,"2320 S Washington St, Grand Forks, ND 58201",Call before arrival
Grand Forks,Northside Cafe II,"2950 10th Ave N, Grand Forks, ND 58203",
Grand Forks,Happy Harry's,"2702 Gateway Dr, Grand Forks, ND 58203",
Grand Forks,JL Beers,"2531 S Columbia Rd, Grand Forks, ND 58201",Downstairs
Grand Forks,Icon Sports Center,"1060 47th Ave S, Grand Forks, ND 58201",
Grand Forks,Choice Health & Fitness,"4401 S 11th St, Grand Forks, ND 58201",
Grand Forks,Gate City Bank,"3205 S Washington St, Grand Forks, ND 58201",
Grand Forks,Happy Harry's,"2051 32nd Ave S, Grand Forks, ND 58201",
Grand Forks,Faith Evangilical Free Church,"2315 Library Circle, Grand Forks, ND 58201",
Grand Forks,Grand Forks Growth & Support Center,"2105 Gateway Dr, Grand Forks, ND 58203",
Grand Forks,The Rock Bottle Shop,"1730 13th Ave N Ste 2, Grand Forks, ND 58203",
Grand Forks,Strive Life Grand Forks,"1809 13th Ave N, Grand Forks, ND 58203",Marijuana Store
Grand Forks,Hugo's Family Marketplace #3,"1925 13th Ave N, Grand Forks, ND 58203",
Grand Forks,Gate City Bank,"2850 24 Ave South, Grand Forks, ND 58201",
Grand Forks,Hugo's Family Marketplace #5,"306 14th Street NE, East Grand Forks, MN 56721",
Grand Forks,East Grand Inn,"606 Gateway Dr NE, East Grand Forks, MN 56721",Wall right side near to exit
Grand Forks,River Cinema 15,"211 Demers Ave #4, East Grand Forks, MN 56721",Door code: 2020
Grand Forks,Diamond Cleaning Supply,"975 1 Ave N, Grand Forks, ND 58203","Not in the Fence, there should be a garage door, Pinned Location"
Grand Forks,Development Homes,"3880 S Columbia Rd, Grand Forks, ND 58201",
Grand Forks,Grand Forks International Airport,"2301 Airport Dr, Grand Forks 58203",
Grand Forks,Valley Senior Living on Columbia & Corporate Office,"2900 14th Ave S, Grand Forks, ND 58201",Back of the building there is an small loading dock
Grand Forks,North Dakota Surgery Center,"2600 47th Ave S, Grand Forks, ND 58201",Back of the building near to the Garbage Bin
Grand Forks,Grand Forks Park District (Purpur & Gambucci Arenas),"1122 S 7th, Grand Forks",This is Purpur & Gambucci Arenas
Grand Forks,UND Facilities Mgmt,"3791 Campus Rd, Grand Forks, ND 58202","Two Yellow Big Generator, Via Demer Ave, N 42nd St, University Ave, Campus Rd"
Grand Forks,Altru Health System(Altru Home Health),"2401 Demers Ave, Grand Forks, ND 58201",Loading dock
Grand Forks,Ralph Engelstad Arena,"1 Ralph Engelstad Arena Drive, Grand Forks, ND 58203",inside the gate
Grand Forks,Altru Business Center (Altru Hospital),"1200 S Columbia Rd, Grand Forks, ND 58201",loading dock at the back of building
Grand Forks,Vital Nutrition,"2100 S Columbia Rd #110, Grand Forks, ND 58201",
Grand Forks,Grand Forks Country Club,"794 Co Rd 6, Grand Forks, ND 58201",Pinned Location
Grand Forks,Amazon Jansan Consumables (WND4 Amazon),"1150 S 46th St, Grand Forks, ND 58201",Inside of the first door
Grand Forks,Valley Dairy #208 (Petro Serve USA #208/Marathon Gas Station),"1149 36th Ave S, Grand Forks, ND 58201",this is a Gas Station
Grand Forks,HP Properties,"3425 S Washington St, Grand Forks, ND 58201",
Grand Forks,Helix Wine & Bites,"4491 S Washington St, Grand Forks, ND 58201",
Grand Forks,TNT Outfitters,"211 Demers Ave, East Grand Forks, MN 56721",
Grand Forks,Legacy Outdoor Service LLC(Fert-L-Lawn Lawn Care),"1222 Gateway Dr NE, East Grand Forks, MN 56721","Back of the building, garage door"
Grand Forks,Broken Drum,"1503 N Washington St, Grand Forks, ND 58203",
Grand Forks,SU Nutrition UND,"2855 10th Ave N, Grand Forks, ND 58203",
Grand Forks,Douglas Place Treatment Center (EOSIS Northern Plains),"1111 Gateway Dr NE, East Grand Forks, MN 56721",
Grand Forks,Eastside Express,"122 4th St NE, East Grand Forks, MN 56721",this is a Gas Station
Grand Forks,Hatton Prairie Village,"950 Dakota Ave, Hatton, ND 58240",
Grand Forks,Gate City Bank,"11 1st St SE, Mayville, ND 58257",
Grand Forks,H E Everson Co,"54 2nd Ave SE, Mayville, ND 58257",
Grand Forks,Mayville City Of (United States Postal Service),"37 1st Ave NE, Mayville, ND 58257",Side of the street
Grand Forks,Mayville State University,"330 3rd St NE, Mayville, ND 58257",
Grand Forks,Cenex Convenience Store,"819 3rd St SE, Mayville, ND 58257",
Grand Forks,Best Western Harvest Inn & Suites,"3350 32nd Ave S, Grand Forks, ND 58201",
Grand Forks,Sublime Nutrition,"4571 S Washington St suite o, Grand Forks, ND 58201",Call the owner in invoice address maybe wrong
Grand Forks,Early Morning Espresso,"1823 S Washington St, Grand Forks, ND 58201",
Grand Forks,Valley Dairy #203 (Marathon Gas Station),"1220 University Ave, Grand Forks, ND 58203",
Grand Forks,Runnings,"1508 N Washington St, Grand Forks, ND 58201","Side of the building, Loading Dock"
Grand Forks,Valley Dairy #206 (Marathon Gas Station),"307 1st Ave S, Grand Forks, ND 58201",Alley Parking
Grand Forks,Little Bangkok,"4088 S Washington St #201, Grand Forks, ND 58201",
Grand Forks,Dakota Supply Group,"715 S 48th St, Grand Forks, ND 58201",They Have Forklift
Grand Forks,Hatton Ampride (Hatton AM Pride),"1604 ND-18 N, Hatton, ND 58240",this is a Gas Station
Grand Forks,Luther Memorial Home,"750 Main St E, Mayville, ND 58257",
Grand Forks,Arthur Farmers Elevator,"429 Main St, Arthur, ND 58006",The Arthur Companies - Arthur Elevator
Grand Forks,Short or Tall Grand Forks LLC,"2600 Red Jarrett Way, Grand Forks, ND 58203",
Grand Forks,Fargo Sunset Hotel LLC,"1820 S Columbia Rd, Grand Forks, ND 58201",
Grand Forks,Maple View - GF,"4650 S Washington St, Grand Forks, ND 58201",
Grand Forks,"Southgate Casino, Bar and Grill","2525 S Washington St, Grand Forks, ND 58201",
Grand Forks,Creative Kids Corner,"2301 S Washington St, Grand Forks, ND 58201",
Grand Forks,Mexican Village,"1218 S Washington St, Grand Forks, ND 58201",
Grand Forks,St. Mary's Catholic Church,"216 Belmont Rd, Grand Forks, ND 58201",Deliver inside the game Door 1
Grand Forks,ND DOT -  Grand Forks District,"1951 N Washington St, Grand Forks, ND 58203",
Grand Forks,"Edgewood Corporate Plaza (Skies 322, Olive Ann)","322 Demers Ave, Grand Forks, ND 58203",
Grand Forks,Harry's Steakhouse,"421 Demers Ave, Grand Forks, ND 58201",
Grand Forks,Gate City Bank,"2850 24th Ave S, Grand Forks, ND 58201",
Grand Forks,Gate City Bank,"501 Demers Ave, Grand Forks, ND 58201",
Grand Forks,Fairfield by Mariott Inn & Suites East Grand Forks,"514 Gateway Dr NE, East Grand Forks, MN 56721",
Grand Forks,Perkins Restaurant,"1305 S Columbia Rd, Grand Forks, ND 58201",
Grand Forks,Dacotah Paper Co.,"3940 15th Ave N, Fargo, ND 58102",
Grand Forks,Jiffy Lube,"1780 S Columbia Rd, Grand Forks, ND 58201",
Grand Forks,Northridge,"214 N 4th St Ste 701, Grand Forks, ND 58203",
Grand Forks,North Dakota Eye Clinic,"1820 S 42nd St, Grand Forks, ND 58201",
Grand Forks,Grand Forks Park District,"1210 7th Ave S, Grand Forks, ND 58201",
Aberdeen,Harr Motors,"4255 6th Ave SE, Aberdeen, SD 57401",
Aberdeen,Angelhouse / Jennifer Pockat,"1717 East Melgaard Road, Aberdeen, Brown County, 57401",Door Code: 13579#
Aberdeen,Pantorium Cleaners,"215 1st Ave SW, Aberdeen, Brown County, 57401",
Aberdeen,Quality Inn,"2923 6th Ave SE, Aberdeen, SD 57401",
Aberdeen,TownePlace Suites By Marriott ,"402 Norwood Street S, Aberdeen, SD 57401",
Aberdeen,Sanford Medical Center,"2905 3rd Ave SE, Aberdeen, SD 57401",
Aberdeen,Hampton Inn & Suites Aberdeen,"3216 7th Ave SE, Aberdeen, SD 57401",
Aberdeen,Holiday Inn Express & Suites,"3310 7th Ave SE, Aberdeen, SD 57401",
Aberdeen,AmericInn by Wyndgam Aberdeen,"301 Centennial St S, Aberdeen, SD 57401",
Aberdeen,Aberdeen Regional Airport,"4760 6th Avenue SE, Aberdeen, SD 57401",
Aberdeen,Dacotah Bank,"308 S Main St, Aberdeen, SD 57401",
Aberdeen,Enemy Swim Day School,"13525 446th Avenue, Waubay, 57273",
Aberdeen,Dacotah Bank (Webster),"600 Main Street, Webster, SD 57274",
Aberdeen,Tommy's Express Car Wash,"515 South 2nd Street, Aberdeen, 57401",
Aberdeen,Ryan's Candy,"217 1st Ave SW, Aberdeen, Brown County, 57401",
Aberdeen,Best Western Ramkota Hotel,"1400 8th Avenue Northwest, Aberdeen, SD 57401",
Aberdeen,Avera Mother Joseph Manor Retirement,"1002 N Jay St, Aberdeen, SD 57401",
Aberdeen,Avera St Lukes Therapy Center,"805 1st Ave SE, Aberdeen, SD 57401",
Aberdeen,Avera St. Luke's Behavioral Health,"305 S State St, Aberdeen, SD 57401",
Aberdeen,Americal Inc.,"500 South Boyd Street, Aberdeen, Brown County, 57401",
Aberdeen,Ken's SuperFair Foods & Shell Express,"2105 6th Ave SE, Aberdeen, SD 57401",
Aberdeen,Dacotah Paper Co.,"3940 15th Ave N, Fargo, ND 58102",
Aberdeen,Bryana Rombs (Saleslady),"612 Kettering Dr, Aberdeen, SD 57401",
Aberdeen,Twist Cone,"503 N 3rd St, Aberdeen, SD 57401",
Aberdeen,Avera State St Medical Square,"105 S State St, Aberdeen, SD 57401",
Aberdeen,Tiffany Foods (Aberdeen Public Safety Building),"114 2nd Ave SE, Aberdeen, SD 57401",
Alexandria,VIE Church,"2671 S McKay Ave, Alexandria, MN 56308",
Alexandria,The Oaks Childcare & Preschool,"2671 S McKay Ave, Alexandria, MN 56308",
Alexandria,Alexandria Area YMCA,"110 Karl Dr, Alexandria, MN 56308",
Alexandria,Alex Assisted Living,"90 E Lake Cowdry Rd, Alexandria, MN 56308",
Alexandria,Lake Darling Resort,"2301 County Rd 22 NW, Alexandria, MN 56308",
Alexandria,Central Lakes Restaurant Supply,"1128 N Nokomis NE, Alexandria, MN 56308",
Alexandria,Henry's Food Inc,"234 McKay Ave N, Alexandria, MN 56308",
Alexandria,Nelson Care Center by Vivie,"420 12th Ave E, Alexandria, MN 56308",
Alexandria,Arrowwood Resort & Conference Center,"2100 Arrowwood Ln, Alexandria, MN 56308",
Alexandria,Gathered Oaks,"4550 County Rd 34 NW, Alexandria, MN 56308",
Alexandria,Lake Country Meats,"1700 N Nokomis NE, Alexandria, MN 56308",
Alexandria,Unknow Customer,"1415 Ridgeview Terrace Northeast, Alexandria, Douglas County, 56308",
Alexandria,Alexandria Light & Power,"1015 34th Ave E, Alexandria, MN 56308",Code: 1987 + Bottom right
Alexandria,Hampton Inn & Suites Alexandria,"2705 S Broadway St, Alexandria, MN 56308",
Alexandria,Centrasota Oral Surgeons,"2633 Jefferson St #602, Alexandria, MN 56308",
Alexandria,Dough Hasz Kettle Korn (Massman Companies),"2340 Nevadata St SW, Alexandria, Douglas County, 56308",
Alexandria,TWF Industries,"2611 County Road 45 Southwest, Alexandria, MN 56308",
Alexandria,Reach Church,"1310 N Nokomis NE, Alexandria, MN 56308",
Alexandria,Arabella Manor,"1812 Darling Ave E #1810, Alexandria, MN 56308",
Alexandria,Alomere Health,"1701 Broadway St, Alexandria, MN 56308",
Alexandria,Gate City Bank,"1630 Broadway Street, Alexandria, MN 56308",
Alexandria,Juettner Motors,"1900 Broadway St, Alexandria, MN 56308",
Alexandria,Relax Inn,"4810 MN-29, Alexandria, MN 56308",
Alexandria,Best Western Alexandria Inn,"508 Twin Blvd, Alexandria, MN 56308",
Alexandria,West Central Metal Fab Inc,"103 Donna Ave, Alexandria, MN 56308",
Alexandria,Quality Inn & Suites Alexandria,"5304 MN-29, Alexandria, MN 56308",
Alexandria,Kadejan Market,"11535 MN-29, Alexandria, MN 56308",
Alexandria,GrandStay Hotel & Suites Glenwood,"114 Minnesota Ave E, Glenwood, MN 56334",
Alexandria,Minnewaska Meats & Catering,"11 1st Ave SW, Glenwood, MN 56334",
Alexandria,Pope County Courthouse,"130 Minnesota Ave E, Glenwood, MN 56334",
Alexandria,Kadejan Inc.,"500 12th St NE, Glenwood, MN 56334",
Alexandria,Lowry Manufacturing Co.,"317 Cherry St, Lowry, MN 56349",
Alexandria,"Country Blosson Farm, LLC","1951 Englund Rd SW Alexandria, MN 56308",
Alexandria,Prairie Ridge Health,"1411 Minnesota 79, Elbow Lake, 56531",
Alexandria,AgCountry Farm Credit Services,"610 Industrial Park Blvd, Elbow Lake, MN 56531",
Watertown,Best Western Watertown Inn and Suites,"3901 9th Ave SE, Watertown, SD 57201",
Watertown,Country Inn & Suites By Radisson,"3400 8th Avenue SE, Watertown, SD 57201",
Watertown,Hampton Inn & Suites Watertown,"2720 9th SE, Watertown, SD 57201",
Watertown,Holiday Inn Express & Suites Watertown,"2803 8th Ave SE, Watertown, SD 57201",
Watertown,Allstate Peterbilt of Watertown,"138 28th Street NE, Watertown, SD 57201",
Watertown,Watertown Wholesale,"300 E Kemp Avenue # B, Watertown, SD 57201",
Watertown,Dakotah Butcher,"1330 9th Avenue Southwest, Watertown, SD 57201",
Watertown,Saina LLC (AmericInn Hotel),"1901 9th Ave Southwest, Watertown, SD 57201",
Watertown,Critter Mart & More,"3 10th Street Northwest, Watertown, SD 57201",
Watertown,Pizza Ranch,"217 10th Street Northwest, Watertown, SD 57201",
Watertown,StoneyBrook Suites Assisted Living,"500 16th Ave Cir NE, Watertown, SD 57201",
Watertown,Prairie Lakes Wellness Center,"1515 15th Street Northeast, Watertown, 57201",
Watertown,"Miller Electric Inc,","601 4th St SW, Watertown, SD 57201",
Watertown,Avera Home Medical Equipment,"1508 4th St NE, Watertown, SD 57201",
Watertown,Human Service Agency,"123 19th St NE, Watertown, SD 57201",
Watertown,Quality Inn,"800 35th St S, Watertown, SD 57201",
Watertown,My Place Hotel ,"3409 8th Ave SE, Watertown, SD 57201",
Watertown,Redlin Art Center,"1200 33rd St SE, Watertown, SD 57201",
Watertown,Econo Lodge Watertown,"920 14th St SE, Watertown, SD 57201",
Watertown,Montgomery's,"100 9th Ave SE, Watertown, SD 57201",
Watertown,Senor Max's,"1300 9th Ave SE #27, Watertown, SD 57201",
Watertown,The Salvation Army of Watertown,"621 4th St SE, Watertown, SD 57201",
Watertown,The Gym Inc,"207 E Kemp Ave, Watertown, SD 57201",
Watertown,Diversified Real Estate LLC,"25 4th Street Northeast, Watertown, SD 57201",
Watertown,Doc's Bar,"33 N Maple, Watertown, SD 57201",
Watertown,Duffy's Bar,"22 N Broadway, Watertown, SD 57201",
Watertown,Manock Meats,"107 Main St, Great Bend, ND 58075",
Watertown,Blazer Express,"821 US 75, Breckenridge, MN 56520",
Watertown,Alsager Meats,"1021 US-75, Breckenridge, MN 56520",
Watertown,Valley Christian Church,"721 Main St, Breckenridge, MN 56520",
Watertown,Petro Serve USA #64,"1025 Dakota Ave, Wahpeton, ND 58075",
Watertown,Dakota Coffee Co,"1001 2nd Ave N ste a, Wahpeton, ND 58075",
Watertown,Gate City Bank,"802 Dakota Ave, Wahpeton, ND 58074",
Watertown,Nielsen Appliance & Cabinetry,"710 Dakota Ave, Wahpeton, ND 58075",
Watertown,Johnson Law Office,"205 7th Street North, Wahpeton, ND 58075",
Watertown,Lovin Nutrition,"118 6th St N B, Wahpeton, ND 58075",
Watertown,Red River Human Service,"701 6th Street South, Wahpeton, Richland County, 58075",
Watertown,Valley Senior Citizen,"520 3rd Avenue South, Wahpeton, Richland County, 58075",
Watertown,DBS Inc.,"315 Dakota Avenue, Wahpeton, Richland County, 58075",
Watertown,Breckenridge Drug,"116 5th Street North, Wilkin COunty, 56520",
Watertown,Red River Valley & Western,"501 Minnesota Avenue, Breckenridge, Wilkin County, 56520",
Watertown,"Farm City Supply, Inc.","702 Minnesota Avenue, Breckenridge, 56520",
Watertown,Breckenridge Elementary,"810 Beede Avenue, Breckenridge, Wilkin County, 56520",
Watertown,Breckenridge School,"710 13th Street North, Breckenridge, Wilkin County, 56520",
Watertown,RDO Equipment,"905 Buffalo Ave, Breckenridge, Wilkin County, 56520",
Watertown,Farmers Union Oil,"711 Buffalo Ave, Breckenridge, MN 56520",
Watertown,"Courth House, Wilkin County LEC","300 5th Street South, Breckenridge, Wilkin County,56520",
Watertown,Benedictine Living Community,"1307 7th Street North, Richland County, 58075",
Watertown,Sendca Head,"1202 Westmore Avenue, Wahpeton, Richland County 58075",
Watertown,Chahinkapa Zoo,"1004 Rj Hughes Drive, Wahpeton, 58075",
Watertown,Faith Church ,"1589 11th Street North, Wahpeton, 58075",
Watertown,ComDel Innovation ,"2100 15th Street North, Wahpeton, 58075",
Watertown,AG County Farm,"1982 2 10 Drive, Wahpeton, Richland County, 58075",
Watertown,Dakota Yeast LLC,"18175 Red River Road West, Wahpeton, Dwight Township, 58075",
Watertown,Abu Trailers,"606 Miller St, Dwight, Richland COunty, 58075",
Watertown,Richland IFC,"405 Elavator Street, Dwight 58075",
Watertown,Richland School District No. 44,"106 Broadway, Abercrombie, 58001",
